faixas,Estimate,Q2.5,Q97.5
0 a 9,0.01600113432124298,0.011449810783053287,0.022121107044870452
10 a 19,0.03228688987978331,0.02126597109034069,0.04722860809820317
20 a 29,0.04412911533168129,0.03501234296193232,0.054718095842747894
30 a 39,0.057955834630229,0.05087583570540134,0.06575635842920562
40 a 49,0.09269970843966281,0.08470603954917855,0.10124375154543998
50 a 59,0.1621458179042173,0.15262766989316306,0.1722753432398644
60 a 69,0.27204023336544586,0.26004221018228924,0.28426723512487284
70 a 79,0.34055664488285303,0.32654703909767907,0.35477559780403156
80+,0.49026065612648606,0.47559397706120604,0.504667319854152
