faixas,Estimate,Q2.5,Q97.5
0 a 9,0.09445117869277068,0.07688293508633072,0.11409458453844729
10 a 19,0.17134773172651308,0.12860976425558587,0.2203150031775292
20 a 29,0.247206543047721,0.21171084679527363,0.28514636352738626
30 a 39,0.266429456655374,0.2420322682717895,0.29171427767790103
40 a 49,0.3330880229848375,0.3105266281594389,0.3561198855751102
50 a 59,0.4640506551091116,0.4436531309568081,0.484571863998804
60 a 69,0.6049434412761199,0.5865105332969255,0.6232550763154294
70 a 79,0.6490369014832964,0.6309372932570768,0.6674940647212837
80+,0.6986292757409847,0.6804599728277779,0.716974775649231
