faixas,Estimate,Q2.5,Q97.5
0 a 9,0.19706421185912754,0.1107816599030029,0.3084321712709105
10 a 19,0.3896032540822663,0.2550838078080288,0.5394764241620814
20 a 29,0.26253734501910864,0.20060619997465248,0.33376190712552767
30 a 39,0.29733766590892813,0.2615975792783457,0.33398594354525457
40 a 49,0.33310323882345194,0.30433023639085016,0.3623771327311683
50 a 59,0.481033263458474,0.45435624677635267,0.5081577263724071
60 a 69,0.6522191554227237,0.6275774024545276,0.6764419240723114
70 a 79,0.7414496672284675,0.7172966858601066,0.764157411235556
80+,0.818825806549895,0.7952775823408456,0.8405206510805953
