faixas,Estimate,Q2.5,Q97.5
0 a 9,0.020668534902552386,0.0056636953245009685,0.0539005083736773
10 a 19,0.06199702313719482,0.027882225648623027,0.11972411061315234
20 a 29,0.023520074675863624,0.01375538405702833,0.03778346799672643
30 a 39,0.05817371671062961,0.04805145829491282,0.06967187727524143
40 a 49,0.08654323856314984,0.07608872779840983,0.09793951602266211
50 a 59,0.1508233116098874,0.13805401027429673,0.16407026758676987
60 a 69,0.28962027561009734,0.27212957320079634,0.30756511349659876
70 a 79,0.3969439425134764,0.3753002125162639,0.4182240744745417
80+,0.6001919019940766,0.5771426361335551,0.6237175696083054
