.id,lambda,shape
notUTI,14.000701171021657,1.086901570634351
UTI,15.889263146226082,1.107575448791016
Int,7.583088323335589,1.4385774648136258
afterUTI,3.491745042102968,0.9223177216291164
