.id,lambda,shape
notUTI,13.563765903092223,1.1610014051895836
UTI,15.550160286565347,1.1548740056375897
Int,7.427566437615983,1.459057873093137
afterUTI,3.2949261419314277,0.9480670069595905
