.id,lambda,shape
notUTI,14.087104238467676,1.137758062258932
UTI,15.886081336644418,1.142706936170945
Int,7.468361850105144,1.460091874718424
afterUTI,3.3436168345629262,0.9394504767261802
