"","IFR","IHR"
"IC low",0.0110143444883148,0.0394960374878712
"Média",0.00888876923618388,0.0318739951656504
"IC up",0.00745088009503648,0.0267179077123834
